{"textures":{"0":"freeminecraftmodels:entity/anubis_pet"},"elements":[{"from":[-1.8,1.5518,-0.9687],"to":[-0.6,3.1518,0.2313],"origin":[-1.0,7.379547565963249,-0.42178421357020834],"faces":{"north":{"uv":[7.75,9.25,8.5,10.25],"texture":"#0","tintindex":0,"rotation":0},"east":{"uv":[9.25,8.75,10.0,9.75],"texture":"#0","tintindex":0,"rotation":0},"south":{"uv":[9.5,0.0,10.25,1.0],"texture":"#0","tintindex":0,"rotation":0},"west":{"uv":[1.25,9.5,2.0,10.5],"texture":"#0","tintindex":0,"rotation":0},"up":{"uv":[5.0,7.0,4.25,6.25],"texture":"#0","tintindex":0,"rotation":0},"down":{"uv":[7.5,2.25,6.75,3.0],"texture":"#0","tintindex":0,"rotation":0}},"rotation":{"origin":[-0.4,2.9518190263852997,-0.16871368542808335],"angle":0.0,"axis":"x"}}],"display":{"head":{"scale":[4.0,4.0,4.0],"translation":[35.2,14.299999999999999,33.6]}}}