{"textures":{"0":"freeminecraftmodels:entity/anubis_pet"},"elements":[{"from":[0.8,-0.0482,-0.9687],"to":[1.6,1.5518,-0.1687],"origin":[1.0,7.379547565963249,-0.42178421357020834],"faces":{"north":{"uv":[6.75,10.25,6.25,11.25],"texture":"#0","tintindex":0,"rotation":0},"east":{"uv":[9.75,10.25,9.25,11.25],"texture":"#0","tintindex":0,"rotation":0},"south":{"uv":[8.75,10.25,8.25,11.25],"texture":"#0","tintindex":0,"rotation":0},"west":{"uv":[8.25,10.25,7.75,11.25],"texture":"#0","tintindex":0,"rotation":0},"up":{"uv":[1.25,7.25,1.75,6.75],"texture":"#0","tintindex":0,"rotation":0},"down":{"uv":[10.0,9.25,10.5,9.75],"texture":"#0","tintindex":0,"rotation":0}},"rotation":{"origin":[0.4,2.9518190263852997,-0.16871368542808335],"angle":0.0,"axis":"x"}}],"display":{"head":{"scale":[4.0,4.0,4.0],"translation":[27.2,19.292723894458803,35.87485474171233]}}}