{"textures":{"0":"freeminecraftmodels:entity/anubis_pet"},"elements":[{"from":[0.6,1.5518,-0.9687],"to":[1.8,3.1518,0.2313],"origin":[1.0,7.379547565963249,-0.42178421357020834],"faces":{"north":{"uv":[8.5,9.25,7.75,10.25],"texture":"#0","tintindex":0,"rotation":0},"east":{"uv":[2.0,9.5,1.25,10.5],"texture":"#0","tintindex":0,"rotation":0},"south":{"uv":[10.25,0.0,9.5,1.0],"texture":"#0","tintindex":0,"rotation":0},"west":{"uv":[10.0,8.75,9.25,9.75],"texture":"#0","tintindex":0,"rotation":0},"up":{"uv":[4.25,7.0,5.0,6.25],"texture":"#0","tintindex":0,"rotation":0},"down":{"uv":[6.75,2.25,7.5,3.0],"texture":"#0","tintindex":0,"rotation":0}},"rotation":{"origin":[0.4,2.9518190263852997,-0.16871368542808335],"angle":0.0,"axis":"x"}}],"display":{"head":{"scale":[4.0,4.0,4.0],"translation":[28.8,14.299999999999999,33.6]}}}