{"textures":{"0":"freeminecraftmodels:entity/anubis_pet"},"elements":[{"from":[1.1174,1.7835,-2.8],"to":[1.9174,2.5835,5.2],"origin":[4.793437035123623,5.458803899853803,0.5],"faces":{"north":{"uv":[11.5,7.75,11.0,8.25],"texture":"#0","tintindex":0,"rotation":0},"east":{"uv":[7.25,0.0,2.25,0.5],"texture":"#0","tintindex":0,"rotation":0},"south":{"uv":[11.5,8.25,11.0,8.75],"texture":"#0","tintindex":0,"rotation":0},"west":{"uv":[7.25,0.0,2.25,0.5],"texture":"#0","tintindex":0,"rotation":0},"up":{"uv":[2.25,6.0,2.75,1.0],"texture":"#0","tintindex":0,"rotation":0},"down":{"uv":[2.75,1.0,3.25,6.0],"texture":"#0","tintindex":0,"rotation":0}},"rotation":{"origin":[1.9173748140494493,2.183521559941521,0.2],"angle":0.0,"axis":"x"}},{"from":[1.1174,1.3835,-6.0],"to":[1.9174,2.9835,-2.8],"origin":[4.793437035123623,5.458803899853803,0.5],"faces":{"north":{"uv":[10.25,10.25,9.75,11.25],"texture":"#0","tintindex":0,"rotation":0},"east":{"uv":[4.75,1.0,6.75,2.0],"texture":"#0","tintindex":0,"rotation":0},"south":{"uv":[10.75,10.25,10.25,11.25],"texture":"#0","tintindex":0,"rotation":0},"west":{"uv":[6.75,1.0,4.75,2.0],"texture":"#0","tintindex":0,"rotation":0},"up":{"uv":[2.25,10.75,2.75,8.75],"texture":"#0","tintindex":0,"rotation":0},"down":{"uv":[2.75,8.75,3.25,10.75],"texture":"#0","tintindex":0,"rotation":0}},"rotation":{"origin":[1.9173748140494493,2.183521559941521,0.2],"angle":0.0,"axis":"x"}},{"from":[1.1174,2.9835,-6.0],"to":[1.9174,4.5835,-5.2],"origin":[4.793437035123623,5.458803899853803,0.5],"faces":{"north":{"uv":[1.5,10.5,1.0,11.5],"texture":"#0","tintindex":0,"rotation":0},"east":{"uv":[2.0,10.5,1.5,11.5],"texture":"#0","tintindex":0,"rotation":0},"south":{"uv":[11.0,2.0,10.5,3.0],"texture":"#0","tintindex":0,"rotation":0},"west":{"uv":[2.0,10.5,1.5,11.5],"texture":"#0","tintindex":0,"rotation":0},"up":{"uv":[11.0,9.75,11.5,9.25],"texture":"#0","tintindex":0,"rotation":0},"down":{"uv":[11.0,9.75,11.5,10.25],"texture":"#0","tintindex":0,"rotation":0}},"rotation":{"origin":[1.9173748140494493,2.183521559941521,0.2],"angle":0.0,"axis":"x"}},{"from":[1.3174,1.0833,-6.7124],"to":[1.7174,1.8833,-4.7124],"rotation":{"origin":[1.5829299574057727,3.1876934907739507,-4.028074926676097],"angle":45.0,"axis":"x"},"origin":[3.9573248935144316,7.969233726934876,-10.070187316690241],"faces":{"north":{"uv":[11.0,11.0,10.75,11.5],"texture":"#0","tintindex":0,"rotation":0},"east":{"uv":[5.5,9.75,6.75,10.25],"texture":"#0","tintindex":0,"rotation":0},"south":{"uv":[0.75,11.25,0.5,11.75],"texture":"#0","tintindex":0,"rotation":0},"west":{"uv":[6.75,9.75,5.5,10.25],"texture":"#0","tintindex":0,"rotation":0},"up":{"uv":[6.75,11.0,7.0,9.75],"texture":"#0","tintindex":0,"rotation":0},"down":{"uv":[7.25,9.75,7.5,11.0],"texture":"#0","tintindex":0,"rotation":0}}},{"from":[1.3174,6.4534,-8.9378],"to":[1.7174,7.2534,-5.3378],"rotation":{"origin":[1.4484851007620956,3.484758606702353,-3.3289420932054585],"angle":-45.0,"axis":"x"},"origin":[3.621212751905239,8.711896516755882,-8.322355233013646],"faces":{"north":{"uv":[11.5,0.75,11.25,1.25],"texture":"#0","tintindex":0,"rotation":0},"east":{"uv":[7.75,3.5,10.0,4.0],"texture":"#0","tintindex":0,"rotation":0},"south":{"uv":[11.5,1.25,11.25,1.75],"texture":"#0","tintindex":0,"rotation":0},"west":{"uv":[10.0,3.5,7.75,4.0],"texture":"#0","tintindex":0,"rotation":0},"up":{"uv":[4.25,10.25,4.5,8.0],"texture":"#0","tintindex":0,"rotation":0},"down":{"uv":[8.0,4.5,8.25,6.75],"texture":"#0","tintindex":0,"rotation":0}}},{"from":[1.3174,-2.8697,-8.0976],"to":[1.7174,-2.0697,-5.2976],"rotation":{"origin":[1.4484851007620962,0.9391741775720406,-3.328942076346719],"angle":45.0,"axis":"x"},"origin":[3.62121275190524,2.3479354439301012,-8.322355190866796],"faces":{"north":{"uv":[2.25,11.25,2.0,11.75],"texture":"#0","tintindex":0,"rotation":0},"east":{"uv":[8.75,3.0,10.5,3.5],"texture":"#0","tintindex":0,"rotation":0},"south":{"uv":[2.75,11.25,2.5,11.75],"texture":"#0","tintindex":0,"rotation":0},"west":{"uv":[10.5,3.0,8.75,3.5],"texture":"#0","tintindex":0,"rotation":0},"up":{"uv":[8.75,10.5,9.0,8.75],"texture":"#0","tintindex":0,"rotation":0},"down":{"uv":[0.0,9.0,0.25,10.75],"texture":"#0","tintindex":0,"rotation":0}}},{"from":[1.3174,2.4921,-6.7325],"to":[1.7174,3.2921,-4.7325],"rotation":{"origin":[1.582929957405773,1.207794469734138,-4.0280749603935755],"angle":-45.0,"axis":"x"},"origin":[3.957324893514432,3.019486174335345,-10.070187400983938],"faces":{"north":{"uv":[11.5,2.75,11.25,3.25],"texture":"#0","tintindex":0,"rotation":0},"east":{"uv":[10.0,1.0,11.25,1.5],"texture":"#0","tintindex":0,"rotation":0},"south":{"uv":[3.25,11.25,3.0,11.75],"texture":"#0","tintindex":0,"rotation":0},"west":{"uv":[11.25,1.0,10.0,1.5],"texture":"#0","tintindex":0,"rotation":0},"up":{"uv":[0.5,11.25,0.75,10.0],"texture":"#0","tintindex":0,"rotation":0},"down":{"uv":[10.0,4.5,10.25,5.75],"texture":"#0","tintindex":0,"rotation":0}}},{"from":[1.1174,-0.2165,-6.0],"to":[1.9174,1.3835,-5.2],"origin":[4.793437035123623,5.458803899853803,0.5],"faces":{"north":{"uv":[11.0,5.0,10.5,6.0],"texture":"#0","tintindex":0,"rotation":0},"east":{"uv":[11.0,7.75,10.5,8.75],"texture":"#0","tintindex":0,"rotation":0},"south":{"uv":[9.25,10.5,8.75,11.5],"texture":"#0","tintindex":0,"rotation":0},"west":{"uv":[11.0,7.75,10.5,8.75],"texture":"#0","tintindex":0,"rotation":0},"up":{"uv":[11.25,3.75,11.75,3.25],"texture":"#0","tintindex":0,"rotation":0},"down":{"uv":[4.75,11.25,5.25,11.75],"texture":"#0","tintindex":0,"rotation":0}},"rotation":{"origin":[1.9173748140494493,2.183521559941521,0.2],"angle":0.0,"axis":"x"}}],"display":{"head":{"scale":[4.0,4.0,4.0],"translation":[24.330500743802205,16.765913760233914,31.2]}}}