{"textures":{"0":"freeminecraftmodels:entity/unleash_your_imagination_flag","1":"freeminecraftmodels:entity/2023_06_27_ca5e64a3ec366e47ce72d8b01962e00119cc6598","2":"freeminecraftmodels:entity/unleash_your_imagination_cape","3":"freeminecraftmodels:entity/unleash_your_imagination_cuffs"},"elements":[{"from":[-13.5364,20.000000000000004,11.0573],"to":[-2.7364,32.0,11.4573],"origin":[-6.417121066707111,82.0,28.498679010786134],"uv_offset":[4.0,31.0],"faces":{"north":{"uv":[1.25,8.0,4.625,11.75],"texture":"#0","tintindex":0,"rotation":0},"east":{"uv":[1.0,8.0,4.375,11.75],"texture":"#0","tintindex":0,"rotation":0},"south":{"uv":[8.25,8.0,11.625,11.75],"texture":"#0","tintindex":0,"rotation":0},"west":{"uv":[8.0,8.0,11.375,11.75],"texture":"#0","tintindex":0,"rotation":0},"up":{"uv":[8.0,8.0,11.375,11.75],"texture":"#0","tintindex":0,"rotation":0},"down":{"uv":[14.75,7.75,16.0,11.5],"texture":"#0","tintindex":0,"rotation":0}},"rotation":{"origin":[-2.5668484266828444,26.000000000000007,11.399471604314455],"angle":0.0,"axis":"x"}},{"from":[-3.2,-1.1999999999999975,2.68],"to":[3.2,12.000000000000004,3.08],"rotation":{"origin":[0.0,12.600000000000005,3.2],"angle":-22.5,"axis":"x"},"origin":[0.0,48.5,8.0],"faces":{"north":{"uv":[0.25,0.25,4.25,8.5],"texture":"#2","tintindex":0,"rotation":0},"east":{"uv":[0.0,0.25,0.25,8.5],"texture":"#2","tintindex":0,"rotation":0},"south":{"uv":[4.5,0.25,8.5,8.5],"texture":"#2","tintindex":0,"rotation":0},"west":{"uv":[4.25,0.25,4.5,8.5],"texture":"#2","tintindex":0,"rotation":0},"up":{"uv":[4.25,0.25,0.25,0.0],"texture":"#2","tintindex":0,"rotation":0},"down":{"uv":[8.25,0.0,4.25,0.25],"texture":"#2","tintindex":0,"rotation":0}}}],"display":{"head":{"scale":[4.0,4.0,4.0],"translation":[32.0,52.69999999999999,32.0]}}}