{"textures":{"0":"freeminecraftmodels:entity/unleash_your_imagination_flag","1":"freeminecraftmodels:entity/2023_06_27_ca5e64a3ec366e47ce72d8b01962e00119cc6598","2":"freeminecraftmodels:entity/unleash_your_imagination_cape","3":"freeminecraftmodels:entity/unleash_your_imagination_cuffs"},"elements":[{"from":[-11.0613,22.0324,-8.8694],"to":[-7.0613,22.8324,-4.8694],"origin":[-10.653287190573089,27.08101520958779,-19.173517847236237],"uv_offset":[52.0,50.0],"faces":{"north":{"uv":[8.5,10.0,11.0,10.5],"texture":"#3","tintindex":0,"rotation":0},"east":{"uv":[6.0,10.0,8.5,10.5],"texture":"#3","tintindex":0,"rotation":0},"south":{"uv":[13.5,10.0,16.0,10.5],"texture":"#3","tintindex":0,"rotation":0},"west":{"uv":[11.0,10.0,13.5,10.5],"texture":"#3","tintindex":0,"rotation":0},"up":{"uv":[11.0,10.0,8.5,7.5],"texture":"#3","tintindex":0,"rotation":0},"down":{"uv":[13.5,7.5,11.0,10.0],"texture":"#3","tintindex":0,"rotation":0}},"rotation":{"origin":[-4.261314876229235,10.832406083835117,-7.6694071388944955],"angle":0.0,"axis":"x"}},{"from":[-7.8613,22.0324,-6.8694],"to":[-5.4613,22.8324,-6.0694],"origin":[-12.85110394886522,56.34194520457345,-17.294834228495656],"uv_offset":[62.0,0.0],"faces":{"north":{"uv":[6.5,11.0,8.0,11.5],"texture":"#3","tintindex":0,"rotation":0},"east":{"uv":[6.0,11.0,6.5,11.5],"texture":"#3","tintindex":0,"rotation":0},"south":{"uv":[8.5,11.0,10.0,11.5],"texture":"#3","tintindex":0,"rotation":0},"west":{"uv":[8.0,11.0,8.5,11.5],"texture":"#3","tintindex":0,"rotation":0},"up":{"uv":[8.0,11.0,6.5,10.5],"texture":"#3","tintindex":0,"rotation":0},"down":{"uv":[9.5,10.5,8.0,11.0],"texture":"#3","tintindex":0,"rotation":0}},"rotation":{"origin":[-5.1404415795460885,22.536778081829382,-6.917933691398263],"angle":0.0,"axis":"x"}},{"from":[-3.0613,22.0324,-8.4694],"to":[-0.6613,22.8324,-7.6694],"origin":[-12.85110394886522,56.34194520457345,-17.294834228495656],"uv_offset":[62.0,0.0],"faces":{"north":{"uv":[12.0,0.5,13.5,1.0],"texture":"#3","tintindex":0,"rotation":0},"east":{"uv":[11.5,0.5,12.0,1.0],"texture":"#3","tintindex":0,"rotation":0},"south":{"uv":[14.0,0.5,15.5,1.0],"texture":"#3","tintindex":0,"rotation":0},"west":{"uv":[13.5,0.5,14.0,1.0],"texture":"#3","tintindex":0,"rotation":0},"up":{"uv":[13.5,0.5,12.0,0.0],"texture":"#3","tintindex":0,"rotation":0},"down":{"uv":[15.0,0.0,13.5,0.5],"texture":"#3","tintindex":0,"rotation":0}},"rotation":{"origin":[-5.1404415795460885,22.536778081829382,-6.917933691398263],"angle":0.0,"axis":"x"}},{"from":[-7.8613,22.0324,-8.4694],"to":[-5.4613,22.8324,-7.6694],"origin":[-12.85110394886522,56.34194520457345,-17.294834228495656],"uv_offset":[62.0,0.0],"faces":{"north":{"uv":[6.5,11.0,8.0,11.5],"texture":"#3","tintindex":0,"rotation":0},"east":{"uv":[6.0,11.0,6.5,11.5],"texture":"#3","tintindex":0,"rotation":0},"south":{"uv":[8.5,11.0,10.0,11.5],"texture":"#3","tintindex":0,"rotation":0},"west":{"uv":[8.0,11.0,8.5,11.5],"texture":"#3","tintindex":0,"rotation":0},"up":{"uv":[8.0,11.0,6.5,10.5],"texture":"#3","tintindex":0,"rotation":0},"down":{"uv":[9.5,10.5,8.0,11.0],"texture":"#3","tintindex":0,"rotation":0}},"rotation":{"origin":[-5.1404415795460885,22.536778081829382,-6.917933691398263],"angle":0.0,"axis":"x"}},{"from":[-5.4613,21.2324,-7.6694],"to":[-3.0613,22.0324,-6.8694],"origin":[-12.85110394886522,56.34194520457345,-17.294834228495656],"uv_offset":[62.0,0.0],"faces":{"north":{"uv":[6.5,11.0,8.0,11.5],"texture":"#3","tintindex":0,"rotation":0},"east":{"uv":[6.0,11.0,6.5,11.5],"texture":"#3","tintindex":0,"rotation":0},"south":{"uv":[8.5,11.0,10.0,11.5],"texture":"#3","tintindex":0,"rotation":0},"west":{"uv":[8.0,11.0,8.5,11.5],"texture":"#3","tintindex":0,"rotation":0},"up":{"uv":[8.0,11.0,6.5,10.5],"texture":"#3","tintindex":0,"rotation":0},"down":{"uv":[9.5,10.5,8.0,11.0],"texture":"#3","tintindex":0,"rotation":0}},"rotation":{"origin":[-5.1404415795460885,22.536778081829382,-6.917933691398263],"angle":0.0,"axis":"x"}},{"from":[-5.4613,22.8324,-7.6694],"to":[-3.0613,23.6324,-6.8694],"origin":[-12.85110394886522,56.34194520457345,-17.294834228495656],"uv_offset":[62.0,0.0],"faces":{"north":{"uv":[6.5,11.0,8.0,11.5],"texture":"#3","tintindex":0,"rotation":0},"east":{"uv":[6.0,11.0,6.5,11.5],"texture":"#3","tintindex":0,"rotation":0},"south":{"uv":[8.5,11.0,10.0,11.5],"texture":"#3","tintindex":0,"rotation":0},"west":{"uv":[8.0,11.0,8.5,11.5],"texture":"#3","tintindex":0,"rotation":0},"up":{"uv":[8.0,11.0,6.5,10.5],"texture":"#3","tintindex":0,"rotation":0},"down":{"uv":[9.5,10.5,8.0,11.0],"texture":"#3","tintindex":0,"rotation":0}},"rotation":{"origin":[-5.1404415795460885,22.536778081829382,-6.917933691398263],"angle":0.0,"axis":"x"}},{"from":[-3.0613,21.6324,-7.6694],"to":[-2.2613,23.2324,-6.8694],"origin":[-12.85110394886522,56.34194520457345,-17.294834228495656],"uv_offset":[62.0,12.0],"faces":{"north":{"uv":[12.0,3.5,12.5,4.5],"texture":"#3","tintindex":0,"rotation":0},"east":{"uv":[11.5,3.5,12.0,4.5],"texture":"#3","tintindex":0,"rotation":0},"south":{"uv":[13.0,3.5,13.5,4.5],"texture":"#3","tintindex":0,"rotation":0},"west":{"uv":[12.5,3.5,13.0,4.5],"texture":"#3","tintindex":0,"rotation":0},"up":{"uv":[12.5,3.5,12.0,3.0],"texture":"#3","tintindex":0,"rotation":0},"down":{"uv":[13.0,3.0,12.5,3.5],"texture":"#3","tintindex":0,"rotation":0}},"rotation":{"origin":[-5.1404415795460885,22.536778081829382,-6.917933691398263],"angle":0.0,"axis":"x"}},{"from":[-6.2613,21.6324,-7.6694],"to":[-5.4613,23.2324,-6.8694],"origin":[-12.85110394886522,56.34194520457345,-17.294834228495656],"uv_offset":[62.0,12.0],"faces":{"north":{"uv":[6.5,8.0,7.0,9.0],"texture":"#3","tintindex":0,"rotation":0},"east":{"uv":[6.0,8.0,6.5,9.0],"texture":"#3","tintindex":0,"rotation":0},"south":{"uv":[7.5,8.0,8.0,9.0],"texture":"#3","tintindex":0,"rotation":0},"west":{"uv":[7.0,8.0,7.5,9.0],"texture":"#3","tintindex":0,"rotation":0},"up":{"uv":[7.0,8.0,6.5,7.5],"texture":"#3","tintindex":0,"rotation":0},"down":{"uv":[7.5,7.5,7.0,8.0],"texture":"#3","tintindex":0,"rotation":0}},"rotation":{"origin":[-5.1404415795460885,22.536778081829382,-6.917933691398263],"angle":0.0,"axis":"x"}},{"from":[-3.0613,22.0324,-6.8694],"to":[-1.8613,22.8324,-6.0694],"origin":[-12.85110394886522,56.34194520457345,-17.294834228495656],"uv_offset":[62.0,18.0],"faces":{"north":{"uv":[12.0,5.0,12.75,5.5],"texture":"#3","tintindex":0,"rotation":0},"east":{"uv":[11.5,5.0,12.0,5.5],"texture":"#3","tintindex":0,"rotation":0},"south":{"uv":[13.25,5.0,14.0,5.5],"texture":"#3","tintindex":0,"rotation":0},"west":{"uv":[12.75,5.0,13.25,5.5],"texture":"#3","tintindex":0,"rotation":0},"up":{"uv":[12.75,5.0,12.0,4.5],"texture":"#3","tintindex":0,"rotation":0},"down":{"uv":[13.5,4.5,12.75,5.0],"texture":"#3","tintindex":0,"rotation":0}},"rotation":{"origin":[-5.1404415795460885,22.536778081829382,-6.917933691398263],"angle":0.0,"axis":"x"}}],"display":{"head":{"scale":[4.0,4.0,4.0],"translation":[51.44525950491695,-64.22962433534045,60.8998507778002]}}}