{"textures":{"0":"freeminecraftmodels:entity/unleash_your_imagination_flag","1":"freeminecraftmodels:entity/2023_06_27_ca5e64a3ec366e47ce72d8b01962e00119cc6598","2":"freeminecraftmodels:entity/unleash_your_imagination_cape","3":"freeminecraftmodels:entity/unleash_your_imagination_cuffs"},"elements":[{"from":[6.0742,21.5879,-9.8745],"to":[10.0742,22.3879,-5.8745],"origin":[8.185444334166123,25.969763690014563,-21.686357071029818],"faces":{"north":{"uv":[2.5,2.5,5.0,3.0],"texture":"#3","tintindex":0,"rotation":0},"east":{"uv":[0.0,2.5,2.5,3.0],"texture":"#3","tintindex":0,"rotation":0},"south":{"uv":[7.5,2.5,10.0,3.0],"texture":"#3","tintindex":0,"rotation":0},"west":{"uv":[5.0,2.5,7.5,3.0],"texture":"#3","tintindex":0,"rotation":0},"up":{"uv":[5.0,2.5,2.5,0.0],"texture":"#3","tintindex":0,"rotation":0},"down":{"uv":[7.5,0.0,5.0,2.5],"texture":"#3","tintindex":0,"rotation":0}},"rotation":{"origin":[3.2741777336664493,10.387905476005827,-8.674542828411928],"angle":0.0,"axis":"x"}},{"from":[3.6742,21.5879,-9.0745],"to":[6.0742,22.3879,-8.2745],"origin":[20.18544433416612,73.96976369001456,-19.686357071029818],"uv_offset":[0.0,12.0],"faces":{"north":{"uv":[10.5,11.0,12.0,11.5],"texture":"#3","tintindex":0,"rotation":0},"east":{"uv":[10.0,11.0,10.5,11.5],"texture":"#3","tintindex":0,"rotation":0},"south":{"uv":[12.5,11.0,14.0,11.5],"texture":"#3","tintindex":0,"rotation":0},"west":{"uv":[12.0,11.0,12.5,11.5],"texture":"#3","tintindex":0,"rotation":0},"up":{"uv":[12.0,11.0,10.5,10.5],"texture":"#3","tintindex":0,"rotation":0},"down":{"uv":[13.5,10.5,12.0,11.0],"texture":"#3","tintindex":0,"rotation":0}},"rotation":{"origin":[8.074177733666449,29.587905476005826,-7.874542828411927],"angle":0.0,"axis":"x"}},{"from":[-0.3258,21.5879,-9.0745],"to":[1.2742,22.3879,-8.2745],"origin":[20.18544433416612,73.96976369001456,-19.686357071029818],"uv_offset":[12.0,18.0],"faces":{"north":{"uv":[3.5,5.0,4.5,5.5],"texture":"#3","tintindex":0,"rotation":0},"east":{"uv":[3.0,5.0,3.5,5.5],"texture":"#3","tintindex":0,"rotation":0},"south":{"uv":[5.0,5.0,6.0,5.5],"texture":"#3","tintindex":0,"rotation":0},"west":{"uv":[4.5,5.0,5.0,5.5],"texture":"#3","tintindex":0,"rotation":0},"up":{"uv":[4.5,5.0,3.5,4.5],"texture":"#3","tintindex":0,"rotation":0},"down":{"uv":[5.5,4.5,4.5,5.0],"texture":"#3","tintindex":0,"rotation":0}},"rotation":{"origin":[8.074177733666449,29.587905476005826,-7.874542828411927],"angle":0.0,"axis":"x"}},{"from":[1.2742,20.7879,-8.2745],"to":[3.6742,21.5879,-7.4745],"origin":[20.18544433416612,73.96976369001456,-19.686357071029818],"uv_offset":[0.0,12.0],"faces":{"north":{"uv":[10.5,11.0,12.0,11.5],"texture":"#3","tintindex":0,"rotation":0},"east":{"uv":[10.0,11.0,10.5,11.5],"texture":"#3","tintindex":0,"rotation":0},"south":{"uv":[12.5,11.0,14.0,11.5],"texture":"#3","tintindex":0,"rotation":0},"west":{"uv":[12.0,11.0,12.5,11.5],"texture":"#3","tintindex":0,"rotation":0},"up":{"uv":[12.0,11.0,10.5,10.5],"texture":"#3","tintindex":0,"rotation":0},"down":{"uv":[13.5,10.5,12.0,11.0],"texture":"#3","tintindex":0,"rotation":0}},"rotation":{"origin":[8.074177733666449,29.587905476005826,-7.874542828411927],"angle":0.0,"axis":"x"}},{"from":[1.2742,22.3879,-8.2745],"to":[3.6742,23.1879,-7.4745],"origin":[20.18544433416612,73.96976369001456,-19.686357071029818],"uv_offset":[14.0,14.0],"faces":{"north":{"uv":[4.0,4.0,5.5,4.5],"texture":"#3","tintindex":0,"rotation":0},"east":{"uv":[3.5,4.0,4.0,4.5],"texture":"#3","tintindex":0,"rotation":0},"south":{"uv":[6.0,4.0,7.5,4.5],"texture":"#3","tintindex":0,"rotation":0},"west":{"uv":[5.5,4.0,6.0,4.5],"texture":"#3","tintindex":0,"rotation":0},"up":{"uv":[5.5,4.0,4.0,3.5],"texture":"#3","tintindex":0,"rotation":0},"down":{"uv":[7.0,3.5,5.5,4.0],"texture":"#3","tintindex":0,"rotation":0}},"rotation":{"origin":[8.074177733666449,29.587905476005826,-7.874542828411927],"angle":0.0,"axis":"x"}},{"from":[3.6742,21.1879,-8.2745],"to":[4.4742,22.7879,-7.4745],"origin":[20.18544433416612,73.96976369001456,-19.686357071029818],"uv_offset":[0.0,20.0],"faces":{"north":{"uv":[0.5,5.5,1.0,6.5],"texture":"#3","tintindex":0,"rotation":0},"east":{"uv":[0.0,5.5,0.5,6.5],"texture":"#3","tintindex":0,"rotation":0},"south":{"uv":[1.5,5.5,2.0,6.5],"texture":"#3","tintindex":0,"rotation":0},"west":{"uv":[1.0,5.5,1.5,6.5],"texture":"#3","tintindex":0,"rotation":0},"up":{"uv":[1.0,5.5,0.5,5.0],"texture":"#3","tintindex":0,"rotation":0},"down":{"uv":[1.5,5.0,1.0,5.5],"texture":"#3","tintindex":0,"rotation":0}},"rotation":{"origin":[8.074177733666449,29.587905476005826,-7.874542828411927],"angle":0.0,"axis":"x"}},{"from":[0.4742,21.1879,-8.2745],"to":[1.2742,22.7879,-7.4745],"origin":[20.18544433416612,73.96976369001456,-19.686357071029818],"faces":{"north":{"uv":[0.5,0.5,1.0,1.5],"texture":"#3","tintindex":0,"rotation":0},"east":{"uv":[0.0,0.5,0.5,1.5],"texture":"#3","tintindex":0,"rotation":0},"south":{"uv":[1.5,0.5,2.0,1.5],"texture":"#3","tintindex":0,"rotation":0},"west":{"uv":[1.0,0.5,1.5,1.5],"texture":"#3","tintindex":0,"rotation":0},"up":{"uv":[1.0,0.5,0.5,0.0],"texture":"#3","tintindex":0,"rotation":0},"down":{"uv":[1.5,0.0,1.0,0.5],"texture":"#3","tintindex":0,"rotation":0}},"rotation":{"origin":[8.074177733666449,29.587905476005826,-7.874542828411927],"angle":0.0,"axis":"x"}},{"from":[3.6742,21.5879,-7.4745],"to":[6.0742,22.3879,-6.6745],"origin":[20.18544433416612,73.96976369001456,-19.686357071029818],"uv_offset":[0.0,12.0],"faces":{"north":{"uv":[0.5,3.5,2.0,4.0],"texture":"#3","tintindex":0,"rotation":0},"east":{"uv":[0.0,3.5,0.5,4.0],"texture":"#3","tintindex":0,"rotation":0},"south":{"uv":[2.5,3.5,4.0,4.0],"texture":"#3","tintindex":0,"rotation":0},"west":{"uv":[2.0,3.5,2.5,4.0],"texture":"#3","tintindex":0,"rotation":0},"up":{"uv":[2.0,3.5,0.5,3.0],"texture":"#3","tintindex":0,"rotation":0},"down":{"uv":[3.5,3.0,2.0,3.5],"texture":"#3","tintindex":0,"rotation":0}},"rotation":{"origin":[8.074177733666449,29.587905476005826,-7.874542828411927],"angle":0.0,"axis":"x"}},{"from":[-0.7258,21.5879,-7.4745],"to":[1.2742,22.3879,-6.6745],"origin":[20.18544433416612,73.96976369001456,-19.686357071029818],"uv_offset":[0.0,16.0],"faces":{"north":{"uv":[0.5,4.5,1.75,5.0],"texture":"#3","tintindex":0,"rotation":0},"east":{"uv":[0.0,4.5,0.5,5.0],"texture":"#3","tintindex":0,"rotation":0},"south":{"uv":[2.25,4.5,3.5,5.0],"texture":"#3","tintindex":0,"rotation":0},"west":{"uv":[1.75,4.5,2.25,5.0],"texture":"#3","tintindex":0,"rotation":0},"up":{"uv":[1.75,4.5,0.5,4.0],"texture":"#3","tintindex":0,"rotation":0},"down":{"uv":[3.0,4.0,1.75,4.5],"texture":"#3","tintindex":0,"rotation":0}},"rotation":{"origin":[8.074177733666449,29.587905476005826,-7.874542828411927],"angle":0.0,"axis":"x"}}],"display":{"head":{"scale":[4.0,4.0,4.0],"translation":[19.347733509778656,-62.4516219040233,63.49817131364769]}}}